guest_id,name,first_name,last_name,email,phone_number,created_at,approval_status,checked_in_at,utm_source,utm_medium,utm_campaign,utm_term,utm_content,google_click_id,meta_click_id,x_click_id,linkedin_click_id,tiktok_click_id,reddit_click_id,yandex_click_id,referrer,referred_by,qr_code_url,amount,amount_tax,amount_discount,currency,coupon_code,eth_address,solana_address,survey_response_rating,survey_response_feedback,ticket_type_id,ticket_name,Zip code,Student's high school graduation year,Student's high school,Unweighted grade point average (GPA),Who is registering for this event?,Have you worked with a private college counselor before?,Who referred you to this event?
gst-U8SgzIwMcSWVk0K,Supreet Saini,Supreet,Saini,supreetsaini@outlook.com,,2026-09-17T19:52:48.709Z,approved,2026-09-17T21:55:26.792Z,,,,,,,,,,,,,,,https://luma.com/check-in/evt-qV8fnKqd4PhQSQE?pk=NcxOqZozqBtwOJn,$0.00,$0.00,$0.00,usd,,,,,,ttype-ds3PrVtPVEtEYi2,Standard,,,,,,,
gst-U8SgzIwMcSWVk0K,Supreet Saini,Supreet,Saini,supreetsaini@outlook.com,,2026-09-17T19:52:48.709Z,approved,2026-09-17T21:55:26.792Z,,,,,,,,,,,,,,,https://luma.com/check-in/evt-qV8fnKqd4PhQSQE?pk=0NL0DSNUTZdDfwu,$0.00,$0.00,$0.00,usd,,,,,,ttype-ds3PrVtPVEtEYi2,Standard,,,,,,,
gst-gDPbVF01ALXbtLT,Kash Amin,Kash,Amin,kash2208@yahoo.com,,2026-09-17T02:40:08.274Z,approved,2026-09-17T22:22:44.759Z,,,,,,,,,,,,,,,https://luma.com/check-in/evt-qV8fnKqd4PhQSQE?pk=qbNJQg8eAlASKTM,$0.00,$0.00,$0.00,usd,,,,,,ttype-ds3PrVtPVEtEYi2,Standard,,2027,North Brunswick,,,,
gst-gDPbVF01ALXbtLT,Kash Amin,Kash,Amin,kash2208@yahoo.com,,2026-09-17T02:40:08.274Z,approved,2026-09-17T22:22:44.759Z,,,,,,,,,,,,,,,https://luma.com/check-in/evt-qV8fnKqd4PhQSQE?pk=B2V2Zznh4ElIHND,$0.00,$0.00,$0.00,usd,,,,,,ttype-ds3PrVtPVEtEYi2,Standard,,2027,North Brunswick,,,,
gst-EGLzDSbPEmExPKA,,,,raeyaa20@gmail.com,,2026-09-17T02:39:44.011Z,declined,,,,,,,,,,,,,,,,https://luma.com/check-in/evt-qV8fnKqd4PhQSQE?pk=g-wsuYNKDouYgjLOm,,,,,,,,,,,,,,,,,,
gst-NhjEEkfB1bII7MG,Vidya Kishore,Vidya,Kishore,vidya.j.kishore@gmail.com,,2026-09-15T15:11:45.488Z,declined,,,,,,,,,,,,,,,,https://luma.com/check-in/evt-qV8fnKqd4PhQSQE?pk=g-u5CVYXwtNt59t14,,,,,,,,,,,,,,,,,,
gst-FCMFyPq7JI7z9BX,Ketna Patel,Ketna,Patel,parikhk@gmail.com,,2026-09-13T17:08:10.707Z,declined,,,,,,,,,,,,,,,,https://luma.com/check-in/evt-qV8fnKqd4PhQSQE?pk=g-6sWBUfC92qucFsr,,,,,,,,,,,,,,,,,,
gst-MX2EKRrHjY3YqbT,Shazad Abbas,Shazad,Abbas,shahzad.abbas@gmail.com,,2026-09-13T15:10:23.419Z,approved,2026-09-17T22:10:06.928Z,,,,,,,,,,,,,,,https://luma.com/check-in/evt-qV8fnKqd4PhQSQE?pk=1cYznJvAICxOz0q,$0.00,$0.00,$0.00,usd,,,,,,ttype-ds3PrVtPVEtEYi2,Standard,,,,,,,
gst-MX2EKRrHjY3YqbT,Shazad Abbas,Shazad,Abbas,shahzad.abbas@gmail.com,,2026-09-13T15:10:23.419Z,approved,2026-09-17T22:10:06.928Z,,,,,,,,,,,,,,,https://luma.com/check-in/evt-qV8fnKqd4PhQSQE?pk=G42Kqr2EN2NfghV,$0.00,$0.00,$0.00,usd,,,,,,ttype-ds3PrVtPVEtEYi2,Standard,,,,,,,
gst-1uwsfvqpvBA1Dpv,Sandra Richardson,Sandra,Richardson,geigersl71@gmail.com,,2026-09-11T16:53:08.550Z,declined,,,,,,,,,,,,,,,,https://luma.com/check-in/evt-qV8fnKqd4PhQSQE?pk=g-IigvUve0K3DqERs,,,,,,,,,,,,,,,,,,
gst-QckFzdPif9KVsw1,chetna  komarraju,Chetna,Komarraju,smartsiri@gmail.com,,2026-09-10T20:27:37.047Z,approved,2026-09-17T22:01:29.645Z,,,,,,,,,,,,,,,https://luma.com/check-in/evt-qV8fnKqd4PhQSQE?pk=mBO9qGrtrEnjJah,$0.00,$0.00,$0.00,usd,,,,,,ttype-ds3PrVtPVEtEYi2,Standard,,,,,,,
gst-D6isezOwWafbwaJ,Manju Shibhu,Manju,Shibhu,manju.shibhu@gmail.com,+16462474310,2026-09-10T13:58:46.016Z,approved,,KANJ-bridgewater-dinner-09-17-26,,52720420-[2026.09.17 Lie Event] Bridgewater | Inside the Admissions Committee - Dinner,,,,,,,,,,,,https://luma.com/check-in/evt-qV8fnKqd4PhQSQE?pk=28jaTHBuBtGvDgM,$0.00,$0.00,$0.00,usd,,,,,,ttype-ds3PrVtPVEtEYi2,Standard,08816,2029,East Brunswick high school,B average (3.0 - 3.2 or 83 - 86),I am a parent,"No, this is new to us",
gst-kxxYYKUFTXp1UsT,Rudra Singh,Rudra,Singh,singh.rudra1120@gmail.com,+19082701561,2026-09-10T01:19:16.244Z,approved,,,,,,,,,,,,,,Empowerly,,https://luma.com/check-in/evt-qV8fnKqd4PhQSQE?pk=w5hUalD80XYK7EZ,$0.00,$0.00,$0.00,usd,,,,,,ttype-ds3PrVtPVEtEYi2,Standard,08807,2029,Bridgewater-Raritan HS,A- average (3.7 - 3.8 or 90 - 92),I am a student,"No, this is new to us",
gst-noihopmxTr7Cyic,Anvay Adivarekar,Anvay,Adivarekar,anvay.adivarekar18@gmail.com,+19082404430,2026-09-09T23:32:05.534Z,approved,,,,,,,,,,,,,,Snapchat,,https://luma.com/check-in/evt-qV8fnKqd4PhQSQE?pk=LycJLbjJweqfwRx,$0.00,$0.00,$0.00,usd,,,,,,ttype-ds3PrVtPVEtEYi2,Standard,08807,2029,"Bridgewater Raritan High School ",A average (3.9 - 4.0 or 93 - 100),I am a student,"No, this is new to us",
gst-pkJVimSjZ1ANDHq,Anvi Patel,Anvi,Patel,wpowere22@gmail.com,,2026-09-09T16:34:04.260Z,approved,,,,,,,,,,,,,,,,https://luma.com/check-in/evt-qV8fnKqd4PhQSQE?pk=yBOphnAAqtpPh5X,$0.00,$0.00,$0.00,usd,,,,,,ttype-ds3PrVtPVEtEYi2,Standard,,,,,,,
gst-ITMP1DR3d51tylq,Rekha Nair,Rekha,Nair,rekhagirish@gmail.com,+19175157941,2026-09-07T22:42:55.492Z,approved,,KANJ-bridgewater-dinner-09-17-26,,,,,,,,,,,,,,https://luma.com/check-in/evt-qV8fnKqd4PhQSQE?pk=PXpubCOxNHiAGlm,$0.00,$0.00,$0.00,usd,,,,,,ttype-ds3PrVtPVEtEYi2,Standard,08902,2027,"North Brunswick High School ",A average (3.9 - 4.0 or 93 - 100),I am a parent,"No, this is new to us",
gst-9zPDOqd5rmSSnyu,Nishana Chakkittammal,Nishana,Chakkittammal,nishu.shebeer@gmail.com,+18604165107,2026-09-07T20:11:50.920Z,declined,,KANJ-bridgewater-dinner-09-17-26,,,,,,,,,,,,,,https://luma.com/check-in/evt-qV8fnKqd4PhQSQE?pk=g-SVDERIIWBgbHj1g,,,,,,,,,,,,08816,2028,"East Brunswick high School ",A- average (3.7 - 3.8 or 90 - 92),I am a parent,"No, this is new to us",
gst-iExEVw1f3CmXl7e,Georgi Samuel,Georgi,Samuel,georgi.samuel@gmail.com,+12013597289,2026-09-07T19:18:55.371Z,declined,,KANJ-bridgewater-dinner-09-17-26,,,,,,,,,,,,,,https://luma.com/check-in/evt-qV8fnKqd4PhQSQE?pk=g-i527Whr8IvLWcbc,,,,,,,,,,,,08816,2028,"East Brunswick ",A- average (3.7 - 3.8 or 90 - 92),I am a parent,"No, but we've thought about it",
gst-U4zUE7LmX3izua8,Biju Kurup,Biju,Kurup,bijuak@outlook.com,+19082923097,2026-09-07T13:58:26.837Z,approved,,KANJ-bridgewater-dinner-09-17-26,,,,,,,,,,,,,,https://luma.com/check-in/evt-qV8fnKqd4PhQSQE?pk=eiG6XK2Z5GsmqKe,$0.00,$0.00,$0.00,usd,,,,,,ttype-ds3PrVtPVEtEYi2,Standard,08822,2029,"Hunterdon Central ",A average (3.9 - 4.0 or 93 - 100),I am a parent,"No, but we've thought about it",
gst-U4zUE7LmX3izua8,Biju Kurup,Biju,Kurup,bijuak@outlook.com,+19082923097,2026-09-07T13:58:26.837Z,approved,,KANJ-bridgewater-dinner-09-17-26,,,,,,,,,,,,,,https://luma.com/check-in/evt-qV8fnKqd4PhQSQE?pk=DEkukKQg9iJgM8D,$0.00,$0.00,$0.00,usd,,,,,,ttype-ds3PrVtPVEtEYi2,Standard,08822,2029,"Hunterdon Central ",A average (3.9 - 4.0 or 93 - 100),I am a parent,"No, but we've thought about it",
gst-U4zUE7LmX3izua8,Biju Kurup,Biju,Kurup,bijuak@outlook.com,+19082923097,2026-09-07T13:58:26.837Z,approved,,KANJ-bridgewater-dinner-09-17-26,,,,,,,,,,,,,,https://luma.com/check-in/evt-qV8fnKqd4PhQSQE?pk=ppIHGNBYyhSqKoA,$0.00,$0.00,$0.00,usd,,,,,,ttype-ds3PrVtPVEtEYi2,Standard,08822,2029,"Hunterdon Central ",A average (3.9 - 4.0 or 93 - 100),I am a parent,"No, but we've thought about it",
gst-uuESFOHO0CfwW7s,ragini mittal,Ragini,Mittal,ragini06@yahoo.com,,2026-09-03T02:01:05.124Z,declined,,,,,,,,,,,,,,,,https://luma.com/check-in/evt-qV8fnKqd4PhQSQE?pk=g-enTJQtcKFRMUHNG,,,,,,,,,,,,,,,,,,
gst-fxfL6YKJkDCbWyt,Rippi Karda,Rippi,Karda,rippi.karda@verizon.com,,2026-08-27T18:00:12.498Z,approved,2026-09-17T22:03:33.340Z,,,,,,,,,,,,,,,https://luma.com/check-in/evt-qV8fnKqd4PhQSQE?pk=Zm7EbTFSGUW06Wk,$0.00,$0.00,$0.00,usd,,,,,,ttype-ds3PrVtPVEtEYi2,Standard,,,,,,,
gst-fxfL6YKJkDCbWyt,Rippi Karda,Rippi,Karda,rippi.karda@verizon.com,,2026-08-27T18:00:12.498Z,approved,2026-09-17T22:03:33.340Z,,,,,,,,,,,,,,,https://luma.com/check-in/evt-qV8fnKqd4PhQSQE?pk=7kF1ZrFkNS8SiCA,$0.00,$0.00,$0.00,usd,,,,,,ttype-ds3PrVtPVEtEYi2,Standard,,,,,,,
gst-fxfL6YKJkDCbWyt,Rippi Karda,Rippi,Karda,rippi.karda@verizon.com,,2026-08-27T18:00:12.498Z,approved,2026-09-17T22:03:33.340Z,,,,,,,,,,,,,,,https://luma.com/check-in/evt-qV8fnKqd4PhQSQE?pk=Mc4QBJDEkB2SxZn,$0.00,$0.00,$0.00,usd,,,,,,ttype-ds3PrVtPVEtEYi2,Standard,,,,,,,
gst-fxfL6YKJkDCbWyt,Rippi Karda,Rippi,Karda,rippi.karda@verizon.com,,2026-08-27T18:00:12.498Z,approved,2026-09-17T22:03:33.340Z,,,,,,,,,,,,,,,https://luma.com/check-in/evt-qV8fnKqd4PhQSQE?pk=GcIIrQw9MoGv785,$0.00,$0.00,$0.00,usd,,,,,,ttype-ds3PrVtPVEtEYi2,Standard,,,,,,,
gst-sBNS6oLvp53tiHL,Kavita Phillips,Kavita,Phillips,philipskavita@gmail.com,,2026-08-26T20:11:01.388Z,declined,,,,,,,,,,,,,,,,https://luma.com/check-in/evt-qV8fnKqd4PhQSQE?pk=g-p7D11yf2jYIOhAd,,,,,,,,,,,,07920,2029,Ridge High School,,I am a parent,,